mean_fit_time,std_fit_time,mean_score_time,std_score_time,param_criterion,param_max_depth,param_max_features,param_min_samples_leaf,param_min_samples_split,param_splitter,params,split0_test_score,split1_test_score,split2_test_score,split3_test_score,split4_test_score,mean_test_score,std_test_score,rank_test_score
0.44673833847045896,0.007485894659893369,0.008592653274536132,0.0018707060866152668,gini,10,,4,40,best,"{'criterion': 'gini', 'max_depth': 10, 'max_features': None, 'min_samples_leaf': 4, 'min_samples_split': 40, 'splitter': 'best'}",0.5944798301486199,0.6098081023454158,0.6268958543983822,0.6229508196721312,0.5917525773195876,0.6091774367768273,0.01430867922733584,1
0.4485019207000732,0.0076471119267695325,0.00925912857055664,0.0011254105563235797,gini,10,,4,30,best,"{'criterion': 'gini', 'max_depth': 10, 'max_features': None, 'min_samples_leaf': 4, 'min_samples_split': 30, 'splitter': 'best'}",0.5982905982905983,0.6023329798515377,0.6270161290322581,0.623721881390593,0.59026369168357,0.6083250560497115,0.014486039087805696,2
0.47235817909240724,0.012089317424331707,0.009063243865966797,0.0022757296188721664,gini,10,,2,40,best,"{'criterion': 'gini', 'max_depth': 10, 'max_features': None, 'min_samples_leaf': 2, 'min_samples_split': 40, 'splitter': 'best'}",0.5939139559286464,0.6095238095238096,0.6253807106598985,0.617737003058104,0.5890834191555098,0.6071277796651937,0.0137961600014315,3
0.5344701766967773,0.004717489885099306,0.009247016906738282,0.0015713453160807926,gini,10,,6,40,best,"{'criterion': 'gini', 'max_depth': 10, 'max_features': None, 'min_samples_leaf': 6, 'min_samples_split': 40, 'splitter': 'best'}",0.597457627118644,0.608324439701174,0.6268958543983822,0.6080808080808081,0.5948717948717949,0.6071261048341607,0.011285725821265354,4
0.5418905258178711,0.007148856004177482,0.008488893508911133,0.0012972351164309852,gini,10,,6,30,best,"{'criterion': 'gini', 'max_depth': 10, 'max_features': None, 'min_samples_leaf': 6, 'min_samples_split': 30, 'splitter': 'best'}",0.6004273504273504,0.6033755274261603,0.6244979919678715,0.6088709677419355,0.5981873111782477,0.6070718297483131,0.009419707572401051,5
0.4734039783477783,0.007691782706855695,0.011102008819580077,0.005749601573473542,gini,10,,2,30,best,"{'criterion': 'gini', 'max_depth': 10, 'max_features': None, 'min_samples_leaf': 2, 'min_samples_split': 30, 'splitter': 'best'}",0.5983086680761099,0.6019007391763463,0.6253807106598985,0.6186612576064908,0.5877551020408164,0.6064012955119324,0.013740094810633261,6
0.5888607978820801,0.012316105085738266,0.010603523254394532,0.003058827866640613,entropy,10,,6,40,best,"{'criterion': 'entropy', 'max_depth': 10, 'max_features': None, 'min_samples_leaf': 6, 'min_samples_split': 40, 'splitter': 'best'}",0.5850487540628385,0.6288659793814433,0.6071794871794872,0.6067415730337079,0.5919003115264797,0.6039472210367913,0.015109470855422257,7
0.4515322208404541,0.006076927332522121,0.008813619613647461,0.001538471304505243,gini,10,,4,20,best,"{'criterion': 'gini', 'max_depth': 10, 'max_features': None, 'min_samples_leaf': 4, 'min_samples_split': 20, 'splitter': 'best'}",0.5955176093916755,0.589098532494759,0.62217659137577,0.6194331983805668,0.5930348258706468,0.6038521515026837,0.01401929041238416,8
0.5872085571289063,0.015065613815660399,0.010880231857299805,0.0028048644276814374,entropy,10,,4,40,best,"{'criterion': 'entropy', 'max_depth': 10, 'max_features': None, 'min_samples_leaf': 4, 'min_samples_split': 40, 'splitter': 'best'}",0.5850487540628385,0.6266804550155118,0.6100307062436029,0.6050761421319797,0.5919003115264797,0.6037472737960825,0.014540724675557237,9
0.4390814781188965,0.006109109681283726,0.00912318229675293,0.0020233637297753454,gini,10,,2,20,best,"{'criterion': 'gini', 'max_depth': 10, 'max_features': None, 'min_samples_leaf': 2, 'min_samples_split': 20, 'splitter': 'best'}",0.5947089947089947,0.5970772442588727,0.612668743509865,0.6143001007049346,0.594758064516129,0.6027026295397592,0.008859842389940423,10
0.6439154148101807,0.016068611222687018,0.009342479705810546,0.0017567208242836936,entropy,10,,2,40,best,"{'criterion': 'entropy', 'max_depth': 10, 'max_features': None, 'min_samples_leaf': 2, 'min_samples_split': 40, 'splitter': 'best'}",0.5865800865800865,0.6261585993820803,0.6068111455108359,0.6024340770791075,0.5912863070539419,0.6026540431212104,0.013837568807698281,11
0.6181962013244628,0.012544398862802633,0.010157299041748048,0.0027989232067313526,entropy,10,,6,30,best,"{'criterion': 'entropy', 'max_depth': 10, 'max_features': None, 'min_samples_leaf': 6, 'min_samples_split': 30, 'splitter': 'best'}",0.5855263157894737,0.6248715313463515,0.6030456852791878,0.6061224489795919,0.5884816753926702,0.601609531357455,0.014103616786291512,12
0.4466756820678711,0.011688436169745553,0.011081695556640625,0.0027046304033049953,gini,10,,6,20,best,"{'criterion': 'gini', 'max_depth': 10, 'max_features': None, 'min_samples_leaf': 6, 'min_samples_split': 20, 'splitter': 'best'}",0.5991471215351812,0.5930599369085173,0.6141248720573184,0.6013986013986014,0.5982053838484547,0.6011871831496146,0.00702187442033874,13
0.6278215408325195,0.045327475060203494,0.008949565887451171,0.0013110427200936764,entropy,10,,4,30,best,"{'criterion': 'entropy', 'max_depth': 10, 'max_features': None, 'min_samples_leaf': 4, 'min_samples_split': 30, 'splitter': 'best'}",0.5855263157894737,0.6206185567010309,0.6058763931104356,0.6046511627906976,0.5884816753926702,0.6010308207568615,0.012791689262560666,14
0.6035723686218262,0.010097955701543296,0.009345674514770507,0.002163897082875772,entropy,10,,2,30,best,"{'criterion': 'entropy', 'max_depth': 10, 'max_features': None, 'min_samples_leaf': 2, 'min_samples_split': 30, 'splitter': 'best'}",0.5870755750273823,0.6193415637860082,0.6068111455108359,0.602020202020202,0.587251828631139,0.6005000629951135,0.01227090321197015,15
0.6511429786682129,0.02175170680787628,0.009420442581176757,0.0017639346097527936,entropy,10,,4,20,best,"{'criterion': 'entropy', 'max_depth': 10, 'max_features': None, 'min_samples_leaf': 4, 'min_samples_split': 20, 'splitter': 'best'}",0.5801526717557252,0.6178861788617886,0.5977710233029382,0.6048387096774194,0.5907692307692308,0.5982835628734204,0.012749036039752127,16
0.555396032333374,0.011862618365600463,0.012058353424072266,0.002008750614758296,entropy,10,,2,20,best,"{'criterion': 'entropy', 'max_depth': 10, 'max_features': None, 'min_samples_leaf': 2, 'min_samples_split': 20, 'splitter': 'best'}",0.579520697167756,0.6192893401015228,0.5975103734439834,0.6010050251256281,0.59244126659857,0.597953340487492,0.01292191299128529,17
0.6093739986419677,0.012327714069581929,0.010106420516967774,0.0016208984380389306,entropy,10,,6,20,best,"{'criterion': 'entropy', 'max_depth': 10, 'max_features': None, 'min_samples_leaf': 6, 'min_samples_split': 20, 'splitter': 'best'}",0.5801526717557252,0.6203423967774421,0.5949238578680203,0.6046511627906976,0.5881147540983607,0.5976369686580492,0.01391739604856979,18
0.5929519176483155,0.009545850453067902,0.009416484832763672,0.00309774749604469,gini,15,,6,40,best,"{'criterion': 'gini', 'max_depth': 15, 'max_features': None, 'min_samples_leaf': 6, 'min_samples_split': 40, 'splitter': 'best'}",0.5765407554671969,0.6245136186770428,0.6042296072507553,0.5734406438631791,0.5844027640671273,0.5926254778650601,0.019214049629079025,19
0.5892834663391113,0.011756778810979189,0.008312034606933593,0.0006955016970681536,gini,15,,6,30,best,"{'criterion': 'gini', 'max_depth': 15, 'max_features': None, 'min_samples_leaf': 6, 'min_samples_split': 30, 'splitter': 'best'}",0.5808383233532934,0.6155339805825243,0.5965965965965966,0.5771144278606966,0.5783365570599613,0.5896839770906144,0.014703809630175532,20
0.6053092956542969,0.012700338946643085,0.00786433219909668,0.00020875022401385437,gini,15,,4,40,best,"{'criterion': 'gini', 'max_depth': 15, 'max_features': None, 'min_samples_leaf': 4, 'min_samples_split': 40, 'splitter': 'best'}",0.564,0.62109375,0.6026026026026026,0.5779153766769866,0.579940417080437,0.5891104292720052,0.020223370294764353,21
0.6306866645812989,0.012039287403561054,0.008720827102661134,0.0016097333136823719,gini,15,,2,40,best,"{'criterion': 'gini', 'max_depth': 15, 'max_features': None, 'min_samples_leaf': 2, 'min_samples_split': 40, 'splitter': 'best'}",0.5739644970414202,0.6223506743737958,0.6031746031746031,0.5688073394495413,0.5762376237623762,0.5889069475603474,0.02054181929195162,22
0.7147168636322021,0.018614811817833046,0.0075832843780517575,0.0009125303298657935,gini,15,,2,30,best,"{'criterion': 'gini', 'max_depth': 15, 'max_features': None, 'min_samples_leaf': 2, 'min_samples_split': 30, 'splitter': 'best'}",0.5773399014778325,0.6128404669260701,0.5985985985985987,0.5673758865248227,0.579624134520277,0.5871557976095202,0.016339905634076723,23
0.6104270458221436,0.01400086305856292,0.0075187206268310545,0.00022732150173566414,gini,15,,4,30,best,"{'criterion': 'gini', 'max_depth': 15, 'max_features': None, 'min_samples_leaf': 4, 'min_samples_split': 30, 'splitter': 'best'}",0.5643070787637089,0.6075949367088608,0.6006006006006006,0.5769622833843018,0.5767350928641252,0.5852399984643195,0.016215625028427116,24
0.5819855690002441,0.019182774705972846,0.008818340301513673,0.0018246829001073337,gini,15,,6,20,best,"{'criterion': 'gini', 'max_depth': 15, 'max_features': None, 'min_samples_leaf': 6, 'min_samples_split': 20, 'splitter': 'best'}",0.5611940298507463,0.6054158607350096,0.5898989898989899,0.5700197238658777,0.574468085106383,0.5801993378914012,0.015669268057603335,25
0.053137350082397464,0.004710250747218462,0.0073601722717285155,0.0001094360912371256,gini,15,,4,40,random,"{'criterion': 'gini', 'max_depth': 15, 'max_features': None, 'min_samples_leaf': 4, 'min_samples_split': 40, 'splitter': 'random'}",0.591728525980912,0.5882352941176471,0.5336134453781513,0.5915768854064642,0.5815602836879432,0.5773428869142234,0.02217317456623242,26
0.05399994850158692,0.008493931208439564,0.009105825424194336,0.00101129135638933,entropy,10,,6,30,random,"{'criterion': 'entropy', 'max_depth': 10, 'max_features': None, 'min_samples_leaf': 6, 'min_samples_split': 30, 'splitter': 'random'}",0.5620360551431601,0.5993820803295572,0.5337690631808278,0.6090373280943026,0.5742771684945165,0.5757003390484728,0.026904087695757944,27
0.7007941722869873,0.015478731364958502,0.008113384246826172,0.0012384093154265772,gini,15,,2,20,best,"{'criterion': 'gini', 'max_depth': 15, 'max_features': None, 'min_samples_leaf': 2, 'min_samples_split': 20, 'splitter': 'best'}",0.5680473372781065,0.5982742090124641,0.5862068965517241,0.555667001003009,0.5660749506903353,0.5748540789071278,0.01529011278553688,28
0.0558283805847168,0.004628337665970019,0.008990001678466798,0.0010928441946116006,entropy,10,,2,30,random,"{'criterion': 'entropy', 'max_depth': 10, 'max_features': None, 'min_samples_leaf': 2, 'min_samples_split': 30, 'splitter': 'random'}",0.5498357064622125,0.5966735966735967,0.5680705190989226,0.5835010060362174,0.5749235474006116,0.5746008751343121,0.015636371784527106,29
0.6105784416198731,0.01570931670429715,0.007936525344848632,0.0009393274036538529,gini,15,,4,20,best,"{'criterion': 'gini', 'max_depth': 15, 'max_features': None, 'min_samples_leaf': 4, 'min_samples_split': 20, 'splitter': 'best'}",0.5523429710867398,0.5971291866028708,0.5795339412360689,0.5714285714285714,0.5711538461538461,0.5743177033016194,0.01448322367112453,30
0.062190818786621097,0.0049309939699510455,0.00831012725830078,0.001251693929031249,entropy,15,,2,20,random,"{'criterion': 'entropy', 'max_depth': 15, 'max_features': None, 'min_samples_leaf': 2, 'min_samples_split': 20, 'splitter': 'random'}",0.5726681127982647,0.5728744939271255,0.5997952917093142,0.5562632696390658,0.5682730923694779,0.5739748520886496,0.014253586738955427,31
0.05883746147155762,0.006838468465007187,0.009304475784301759,0.0028683130662549173,gini,15,,2,40,random,"{'criterion': 'gini', 'max_depth': 15, 'max_features': None, 'min_samples_leaf': 2, 'min_samples_split': 40, 'splitter': 'random'}",0.5615141955835962,0.5902702702702702,0.5393258426966292,0.6009950248756218,0.5748031496062992,0.5733816966064833,0.02168123203687743,32
0.5346558570861817,0.024386694379810146,0.005245685577392578,0.0002628590514474972,entropy,15,,6,40,best,"{'criterion': 'entropy', 'max_depth': 15, 'max_features': None, 'min_samples_leaf': 6, 'min_samples_split': 40, 'splitter': 'best'}",0.5617740232312566,0.6114285714285714,0.5903983656792645,0.5343189017951425,0.565843621399177,0.5727526967066824,0.026277808520423884,33
0.06497511863708497,0.004162808083403548,0.008047676086425782,0.0010635547007166572,entropy,15,,2,30,random,"{'criterion': 'entropy', 'max_depth': 15, 'max_features': None, 'min_samples_leaf': 2, 'min_samples_split': 30, 'splitter': 'random'}",0.5744908896034298,0.5691542288557214,0.5942028985507246,0.5746887966804979,0.5456521739130434,0.5716377975206834,0.015543830045347911,34
0.726515245437622,0.02081666629119252,0.00933685302734375,0.0014780462836051025,entropy,15,,4,40,best,"{'criterion': 'entropy', 'max_depth': 15, 'max_features': None, 'min_samples_leaf': 4, 'min_samples_split': 40, 'splitter': 'best'}",0.5777777777777777,0.591304347826087,0.587991718426501,0.5384615384615384,0.5540106951871657,0.5699092155358139,0.02043703604199955,35
0.6653066158294678,0.01620991582026507,0.0067616462707519535,0.0009200033973767798,entropy,15,,6,30,best,"{'criterion': 'entropy', 'max_depth': 15, 'max_features': None, 'min_samples_leaf': 6, 'min_samples_split': 30, 'splitter': 'best'}",0.55863539445629,0.60543580131209,0.5875251509054326,0.5333333333333333,0.5606523955147809,0.5691164151043854,0.024979590592201333,36
0.0929901123046875,0.04175681754222895,0.007764673233032227,0.0013507385092629905,gini,15,,2,30,random,"{'criterion': 'gini', 'max_depth': 15, 'max_features': None, 'min_samples_leaf': 2, 'min_samples_split': 30, 'splitter': 'random'}",0.5422993492407809,0.5814889336016097,0.5732484076433121,0.5646817248459959,0.5825049701789264,0.5688446771021249,0.01475031033437137,37
0.044350814819335935,0.0019606648254902547,0.007420587539672852,0.0007651286515544818,gini,10,,2,20,random,"{'criterion': 'gini', 'max_depth': 10, 'max_features': None, 'min_samples_leaf': 2, 'min_samples_split': 20, 'splitter': 'random'}",0.5660377358490566,0.6120689655172413,0.5367561260210035,0.577209797657082,0.5515695067264574,0.5687284263541682,0.025589968037894782,38
0.05454068183898926,0.0030387509122824594,0.007799720764160157,0.0004394057284730417,gini,15,,4,30,random,"{'criterion': 'gini', 'max_depth': 15, 'max_features': None, 'min_samples_leaf': 4, 'min_samples_split': 30, 'splitter': 'random'}",0.5617740232312566,0.6138415245737212,0.5469904963041182,0.5535135135135135,0.5668341708542713,0.5685907456953763,0.023626594987227616,39
0.05801482200622558,0.004007656394904115,0.008559226989746094,0.0008099490897239414,entropy,15,,2,40,random,"{'criterion': 'entropy', 'max_depth': 15, 'max_features': None, 'min_samples_leaf': 2, 'min_samples_split': 40, 'splitter': 'random'}",0.5824634655532359,0.5883597883597883,0.5776330076004343,0.5458515283842795,0.5475444096133751,0.5683704399022227,0.018026688534875174,40
0.04758429527282715,0.004177217321106751,0.007522964477539062,0.00015631807183704368,gini,10,,2,40,random,"{'criterion': 'gini', 'max_depth': 10, 'max_features': None, 'min_samples_leaf': 2, 'min_samples_split': 40, 'splitter': 'random'}",0.5381263616557734,0.6071065989847716,0.5714285714285714,0.5739514348785872,0.5497206703910614,0.568066727467753,0.02367719011795833,41
0.2784564018249512,0.002257622754157335,0.007627153396606445,0.0003783152088878722,entropy,5,,4,40,best,"{'criterion': 'entropy', 'max_depth': 5, 'max_features': None, 'min_samples_leaf': 4, 'min_samples_split': 40, 'splitter': 'best'}",0.5551020408163265,0.5520361990950227,0.5918570009930486,0.5587044534412956,0.5810684161199625,0.5677536220931312,0.015793947968537548,42
0.2796314716339111,0.0033409255821691694,0.007694721221923828,0.0007932137754893057,entropy,5,,6,20,best,"{'criterion': 'entropy', 'max_depth': 5, 'max_features': None, 'min_samples_leaf': 6, 'min_samples_split': 20, 'splitter': 'best'}",0.5551020408163265,0.5520361990950227,0.5918570009930486,0.5587044534412956,0.5810684161199625,0.5677536220931312,0.015793947968537548,42
0.29359989166259765,0.009094431731017504,0.008319473266601563,0.001023554563972147,entropy,5,,6,40,best,"{'criterion': 'entropy', 'max_depth': 5, 'max_features': None, 'min_samples_leaf': 6, 'min_samples_split': 40, 'splitter': 'best'}",0.5551020408163265,0.5520361990950227,0.5918570009930486,0.5587044534412956,0.5810684161199625,0.5677536220931312,0.015793947968537548,42
0.2953026294708252,0.004488171450424978,0.008387565612792969,0.0009826454059922985,entropy,5,,6,30,best,"{'criterion': 'entropy', 'max_depth': 5, 'max_features': None, 'min_samples_leaf': 6, 'min_samples_split': 30, 'splitter': 'best'}",0.5551020408163265,0.5520361990950227,0.5918570009930486,0.5587044534412956,0.5810684161199625,0.5677536220931312,0.015793947968537548,42
0.2804420948028564,0.0028827270224226213,0.007501840591430664,0.0010226093097331949,entropy,5,,2,40,best,"{'criterion': 'entropy', 'max_depth': 5, 'max_features': None, 'min_samples_leaf': 2, 'min_samples_split': 40, 'splitter': 'best'}",0.5551020408163265,0.5520361990950227,0.5904572564612326,0.5592705167173252,0.5810684161199625,0.5675868858419739,0.015307924221998372,46
0.2801221370697021,0.006569696243426865,0.007604122161865234,0.0005030883086750726,entropy,5,,2,30,best,"{'criterion': 'entropy', 'max_depth': 5, 'max_features': None, 'min_samples_leaf': 2, 'min_samples_split': 30, 'splitter': 'best'}",0.5551020408163265,0.5487528344671202,0.5904572564612326,0.5592705167173252,0.5810684161199625,0.5669302129163933,0.016015019551440413,47
0.283446216583252,0.004888722683188238,0.007274532318115234,0.0004916603540977912,entropy,5,,4,30,best,"{'criterion': 'entropy', 'max_depth': 5, 'max_features': None, 'min_samples_leaf': 4, 'min_samples_split': 30, 'splitter': 'best'}",0.5551020408163265,0.547105561861521,0.5918570009930486,0.5587044534412956,0.5810684161199625,0.5667674946464308,0.016862305483446846,48
0.33191661834716796,0.010180414009144765,0.007602310180664063,0.000993303198269745,entropy,5,,2,20,best,"{'criterion': 'entropy', 'max_depth': 5, 'max_features': None, 'min_samples_leaf': 2, 'min_samples_split': 20, 'splitter': 'best'}",0.5551020408163265,0.5487528344671202,0.5904572564612326,0.5578093306288032,0.5816135084427767,0.5667469941632518,0.01626324897515458,49
0.27441906929016113,0.002279483679469644,0.008126926422119141,0.0008838757080933941,entropy,5,,4,20,best,"{'criterion': 'entropy', 'max_depth': 5, 'max_features': None, 'min_samples_leaf': 4, 'min_samples_split': 20, 'splitter': 'best'}",0.5551020408163265,0.547105561861521,0.5918570009930486,0.5587044534412956,0.5789473684210527,0.5663432851066489,0.01652041120911219,50
0.0642789363861084,0.00739684287618408,0.008278417587280273,0.0005384346587440028,entropy,15,,4,30,random,"{'criterion': 'entropy', 'max_depth': 15, 'max_features': None, 'min_samples_leaf': 4, 'min_samples_split': 30, 'splitter': 'random'}",0.5693581780538303,0.5582417582417583,0.5708376421923474,0.5703048180924287,0.5602471678681772,0.5657979128897084,0.005409118178535906,51
0.6857817649841309,0.02033390622090938,0.007947158813476563,0.0006317488515537583,entropy,15,,2,40,best,"{'criterion': 'entropy', 'max_depth': 15, 'max_features': None, 'min_samples_leaf': 2, 'min_samples_split': 40, 'splitter': 'best'}",0.5645330535152151,0.586977648202138,0.5902992776057792,0.5341614906832298,0.5523809523809524,0.5656704844774628,0.021124842150466314,52
0.04351801872253418,0.0003365463627726798,0.007387304306030273,0.0004132547023758626,gini,10,,4,20,random,"{'criterion': 'gini', 'max_depth': 10, 'max_features': None, 'min_samples_leaf': 4, 'min_samples_split': 20, 'splitter': 'random'}",0.534698521046644,0.5704989154013015,0.5773420479302832,0.5947006869479883,0.5506607929515418,0.5655801928555517,0.020913174745492598,53
0.6855916023254395,0.017398196754636126,0.008947038650512695,0.0011770703431809083,entropy,15,,2,30,best,"{'criterion': 'entropy', 'max_depth': 15, 'max_features': None, 'min_samples_leaf': 2, 'min_samples_split': 30, 'splitter': 'best'}",0.5641569459172853,0.5825426944971537,0.5887179487179487,0.540650406504065,0.5450733752620545,0.5642282741797015,0.01927689412197772,54
0.05657105445861817,0.004985699004825789,0.008286094665527344,0.000706379323762312,entropy,15,,6,30,random,"{'criterion': 'entropy', 'max_depth': 15, 'max_features': None, 'min_samples_leaf': 6, 'min_samples_split': 30, 'splitter': 'random'}",0.5608695652173913,0.5664864864864865,0.5815899581589958,0.5601659751037344,0.5498426023084995,0.5637909174550215,0.010395209894545525,55
0.7463130950927734,0.019955726380065247,0.009286022186279297,0.0009137020268376352,entropy,15,,4,30,best,"{'criterion': 'entropy', 'max_depth': 15, 'max_features': None, 'min_samples_leaf': 4, 'min_samples_split': 30, 'splitter': 'best'}",0.5696068012752391,0.590566037735849,0.5811088295687885,0.5269709543568465,0.5491452991452992,0.5634795844164044,0.02289262251278162,56
0.6906645774841309,0.014163241387530116,0.00835590362548828,0.0004283124684062989,entropy,15,,6,20,best,"{'criterion': 'entropy', 'max_depth': 15, 'max_features': None, 'min_samples_leaf': 6, 'min_samples_split': 20, 'splitter': 'best'}",0.5598335067637877,0.5867158671586716,0.5731462925851704,0.5322415557830092,0.5649484536082474,0.5633771351797773,0.01802544587587623,57
0.6814375400543213,0.018190390440580795,0.00964055061340332,0.001865308863325227,entropy,15,,2,20,best,"{'criterion': 'entropy', 'max_depth': 15, 'max_features': None, 'min_samples_leaf': 2, 'min_samples_split': 20, 'splitter': 'best'}",0.5691056910569106,0.5773195876288659,0.5775510204081633,0.5329341317365269,0.5534591194968553,0.5620739100654644,0.0169985815316429,58
0.054692554473876956,0.006249261313863357,0.008650445938110351,0.0012964245868602306,entropy,10,,4,20,random,"{'criterion': 'entropy', 'max_depth': 10, 'max_features': None, 'min_samples_leaf': 4, 'min_samples_split': 20, 'splitter': 'random'}",0.46715328467153283,0.5952626158599382,0.5664488017429193,0.6026871401151631,0.5775510204081633,0.5618205725595433,0.049028990393127594,59
0.04703502655029297,0.0021562350232720556,0.00734105110168457,0.0008905342595682445,gini,10,,4,40,random,"{'criterion': 'gini', 'max_depth': 10, 'max_features': None, 'min_samples_leaf': 4, 'min_samples_split': 40, 'splitter': 'random'}",0.532608695652174,0.5936170212765958,0.5333333333333333,0.5923000987166831,0.5561497326203209,0.5616017763198214,0.026969580210326707,60
0.05903735160827637,0.0026362044243737463,0.008535623550415039,0.0010941644392724603,gini,15,,6,40,random,"{'criterion': 'gini', 'max_depth': 15, 'max_features': None, 'min_samples_leaf': 6, 'min_samples_split': 40, 'splitter': 'random'}",0.543046357615894,0.558288770053476,0.5561172901921132,0.579624134520277,0.5705458290422245,0.5615244762847968,0.01257084531456421,61
0.058942556381225586,0.004349442122348846,0.009962987899780274,0.001250631126983038,entropy,15,,4,40,random,"{'criterion': 'entropy', 'max_depth': 15, 'max_features': None, 'min_samples_leaf': 4, 'min_samples_split': 40, 'splitter': 'random'}",0.5272331154684096,0.582441113490364,0.5576923076923077,0.5789473684210527,0.5607476635514018,0.5614123137247071,0.019658007838869004,62
0.053017187118530276,0.002038619685745667,0.008847379684448242,0.0007938028863307985,entropy,10,,2,20,random,"{'criterion': 'entropy', 'max_depth': 10, 'max_features': None, 'min_samples_leaf': 2, 'min_samples_split': 20, 'splitter': 'random'}",0.4744525547445255,0.6085192697768763,0.5733186328555678,0.5887179487179487,0.5548654244306418,0.559974766105112,0.04626219227762134,63
0.05135354995727539,0.0063092292312821804,0.009560680389404297,0.001595754779321933,gini,10,,6,30,random,"{'criterion': 'gini', 'max_depth': 10, 'max_features': None, 'min_samples_leaf': 6, 'min_samples_split': 30, 'splitter': 'random'}",0.5802469135802469,0.5618945102260495,0.5483146067415731,0.5532359081419624,0.5526881720430108,0.5592760221465685,0.011372511958243585,64
0.05911684036254883,0.0024283826738493914,0.009531879425048828,0.0016929954233495031,entropy,15,,6,20,random,"{'criterion': 'entropy', 'max_depth': 15, 'max_features': None, 'min_samples_leaf': 6, 'min_samples_split': 20, 'splitter': 'random'}",0.5547877591312932,0.592741935483871,0.5306122448979592,0.5482866043613707,0.5694849368318756,0.559182696141274,0.020912530598400574,65
0.7105768203735352,0.011621900757991105,0.008502960205078125,0.001031659545682699,entropy,15,,4,20,best,"{'criterion': 'entropy', 'max_depth': 15, 'max_features': None, 'min_samples_leaf': 4, 'min_samples_split': 20, 'splitter': 'best'}",0.5705458290422245,0.5751633986928104,0.5656565656565656,0.5310274669379451,0.5505376344086022,0.5585861789476295,0.016075381736733296,66
0.06393752098083497,0.014059477331442898,0.011814498901367187,0.003965464537590885,entropy,10,,4,30,random,"{'criterion': 'entropy', 'max_depth': 10, 'max_features': None, 'min_samples_leaf': 4, 'min_samples_split': 30, 'splitter': 'random'}",0.5492468134414832,0.5571587125416204,0.5305676855895196,0.5762004175365344,0.5734549138804458,0.5573257085979206,0.01671941464593106,67
0.2315589427947998,0.001415521592622561,0.007402944564819336,0.0003902945026079722,gini,5,,6,30,best,"{'criterion': 'gini', 'max_depth': 5, 'max_features': None, 'min_samples_leaf': 6, 'min_samples_split': 30, 'splitter': 'best'}",0.5394581861012956,0.5612472160356348,0.574052812858783,0.5393258426966292,0.5669642857142857,0.5562096686813256,0.01431846509595656,68
0.22347888946533204,0.004423363899208603,0.0074863433837890625,0.0009578574467223427,gini,5,,6,40,best,"{'criterion': 'gini', 'max_depth': 5, 'max_features': None, 'min_samples_leaf': 6, 'min_samples_split': 40, 'splitter': 'best'}",0.5394581861012956,0.5612472160356348,0.574052812858783,0.5393258426966292,0.5669642857142857,0.5562096686813256,0.01431846509595656,68
0.23858532905578614,0.0026640073984906592,0.006702804565429687,0.0007880760521332265,gini,5,,6,20,best,"{'criterion': 'gini', 'max_depth': 5, 'max_features': None, 'min_samples_leaf': 6, 'min_samples_split': 20, 'splitter': 'best'}",0.5379146919431279,0.5612472160356348,0.57307249712313,0.5393258426966292,0.568561872909699,0.5560244241416441,0.014709908169253641,70
0.26293272972106935,0.0037149976154763767,0.007691717147827149,0.0006859028064565885,gini,5,,2,30,best,"{'criterion': 'gini', 'max_depth': 5, 'max_features': None, 'min_samples_leaf': 2, 'min_samples_split': 30, 'splitter': 'best'}",0.5377358490566038,0.5612472160356348,0.570771001150748,0.5405405405405406,0.5653631284916201,0.5551315470550293,0.013432698687488667,71
0.2258610725402832,0.0043104889365884825,0.006723594665527344,0.0005331384761932942,gini,5,,2,40,best,"{'criterion': 'gini', 'max_depth': 5, 'max_features': None, 'min_samples_leaf': 2, 'min_samples_split': 40, 'splitter': 'best'}",0.5377358490566038,0.5612472160356348,0.570771001150748,0.5405405405405406,0.5653631284916201,0.5551315470550293,0.013432698687488667,71
0.2293776512145996,0.003391699066669726,0.007586765289306641,0.0012043409318652305,gini,5,,4,30,best,"{'criterion': 'gini', 'max_depth': 5, 'max_features': None, 'min_samples_leaf': 4, 'min_samples_split': 30, 'splitter': 'best'}",0.5360094451003542,0.5612472160356348,0.570771001150748,0.5405405405405406,0.5669642857142857,0.5551064977083126,0.014146071911259885,73
0.22182064056396483,0.00482301139195709,0.007328414916992187,0.0002906228244683884,gini,5,,4,40,best,"{'criterion': 'gini', 'max_depth': 5, 'max_features': None, 'min_samples_leaf': 4, 'min_samples_split': 40, 'splitter': 'best'}",0.5360094451003542,0.5612472160356348,0.570771001150748,0.5405405405405406,0.5669642857142857,0.5551064977083126,0.014146071911259885,73
0.05538468360900879,0.003117362129373319,0.008308601379394532,0.0010135827831970583,entropy,15,,6,40,random,"{'criterion': 'entropy', 'max_depth': 15, 'max_features': None, 'min_samples_leaf': 6, 'min_samples_split': 40, 'splitter': 'random'}",0.5582417582417583,0.5893037336024218,0.5416204217536071,0.5194805194805194,0.5663157894736842,0.5549924445103981,0.023477429808114292,75
0.04936056137084961,0.006100487964680572,0.007693576812744141,0.0004550373929474792,gini,10,,4,30,random,"{'criterion': 'gini', 'max_depth': 10, 'max_features': None, 'min_samples_leaf': 4, 'min_samples_split': 30, 'splitter': 'random'}",0.5421412300683371,0.5417142857142857,0.5460674157303371,0.5932721712538226,0.5473684210526316,0.5541127047638829,0.019701334246712113,76
0.3012728214263916,0.00455251868675522,0.010460519790649414,0.0013914870949799634,gini,5,,2,20,best,"{'criterion': 'gini', 'max_depth': 5, 'max_features': None, 'min_samples_leaf': 2, 'min_samples_split': 20, 'splitter': 'best'}",0.5361803084223014,0.5564245810055866,0.5681293302540416,0.5405405405405406,0.568561872909699,0.5539673266264338,0.013537044199064168,77
0.2184892177581787,0.0023528452032101923,0.006928443908691406,0.0004806676315186037,gini,5,,4,20,best,"{'criterion': 'gini', 'max_depth': 5, 'max_features': None, 'min_samples_leaf': 4, 'min_samples_split': 20, 'splitter': 'best'}",0.5344418052256532,0.5564245810055866,0.5697808535178778,0.5405405405405406,0.568561872909699,0.5539499306398714,0.014357085849932012,78
0.05051512718200683,0.004585003729797244,0.007227945327758789,0.0005117733389639538,gini,10,,2,30,random,"{'criterion': 'gini', 'max_depth': 10, 'max_features': None, 'min_samples_leaf': 2, 'min_samples_split': 30, 'splitter': 'random'}",0.5554382259767687,0.5522552255225522,0.5533333333333333,0.5266742338251986,0.5702217529039071,0.551584554312352,0.014044415625773117,79
0.04758429527282715,0.004194262223982353,0.008447694778442382,0.001168234624552748,entropy,10,,4,40,random,"{'criterion': 'entropy', 'max_depth': 10, 'max_features': None, 'min_samples_leaf': 4, 'min_samples_split': 40, 'splitter': 'random'}",0.5353319057815846,0.5919477693144722,0.5373781148429035,0.5771670190274841,0.5145518044237486,0.5512753226780387,0.02870738433283561,80
0.05339813232421875,0.002233333060804708,0.008289623260498046,0.0012197681978080945,gini,15,,6,20,random,"{'criterion': 'gini', 'max_depth': 15, 'max_features': None, 'min_samples_leaf': 6, 'min_samples_split': 20, 'splitter': 'random'}",0.5248508946322068,0.5879959308240081,0.5266524520255863,0.5664263645726055,0.546236559139785,0.5504324402388383,0.024101162518768173,81
0.055656957626342776,0.003273415336878247,0.007448720932006836,0.00042742352441546067,gini,15,,2,20,random,"{'criterion': 'gini', 'max_depth': 15, 'max_features': None, 'min_samples_leaf': 2, 'min_samples_split': 20, 'splitter': 'random'}",0.5270988310308182,0.5253863134657837,0.5782881002087683,0.5826271186440678,0.5384615384615384,0.5503723803621953,0.025009939417755027,82
0.05151820182800293,0.004947602493454165,0.008720731735229493,0.0010044170000699107,entropy,10,,2,40,random,"{'criterion': 'entropy', 'max_depth': 10, 'max_features': None, 'min_samples_leaf': 2, 'min_samples_split': 40, 'splitter': 'random'}",0.5153933865450399,0.5283893395133256,0.5533333333333333,0.5659978880675819,0.5817805383022774,0.5489788971523117,0.02423415455459531,83
0.056699609756469725,0.0025027808780152426,0.007920074462890624,0.0009614485180303394,gini,15,,4,20,random,"{'criterion': 'gini', 'max_depth': 15, 'max_features': None, 'min_samples_leaf': 4, 'min_samples_split': 20, 'splitter': 'random'}",0.5386266094420601,0.593103448275862,0.5249734325185972,0.5308641975308642,0.5544147843942505,0.5483964944323267,0.02443932672072725,84
0.061905527114868165,0.004825205202202965,0.008354520797729493,0.00074206572411713,entropy,15,,4,20,random,"{'criterion': 'entropy', 'max_depth': 15, 'max_features': None, 'min_samples_leaf': 4, 'min_samples_split': 20, 'splitter': 'random'}",0.5725567620927937,0.5940390544707091,0.4971751412429379,0.5529661016949152,0.5229166666666667,0.5479307452336045,0.03452421516778134,85
0.06574926376342774,0.03003660013807789,0.010316419601440429,0.003186195499557243,gini,10,,6,40,random,"{'criterion': 'gini', 'max_depth': 10, 'max_features': None, 'min_samples_leaf': 6, 'min_samples_split': 40, 'splitter': 'random'}",0.5219347581552306,0.5253456221198156,0.5408942202835333,0.6074950690335306,0.5357548240635641,0.5462848987311348,0.03136242811438546,86
0.05656499862670898,0.002686001243239993,0.008397960662841797,0.0009882717692637278,gini,15,,6,30,random,"{'criterion': 'gini', 'max_depth': 15, 'max_features': None, 'min_samples_leaf': 6, 'min_samples_split': 30, 'splitter': 'random'}",0.5192107995846313,0.5778688524590164,0.5531062124248497,0.5413533834586466,0.5372168284789643,0.5457512152812217,0.019402107870256036,87
0.04687204360961914,0.0017378050242814187,0.007400608062744141,0.0002920153871381358,gini,10,,6,20,random,"{'criterion': 'gini', 'max_depth': 10, 'max_features': None, 'min_samples_leaf': 6, 'min_samples_split': 20, 'splitter': 'random'}",0.5611353711790393,0.5476718403547672,0.5240761478163494,0.5383759733036707,0.5559105431309904,0.5454339751569635,0.013170212853804417,88
0.052817583084106445,0.00631780866309944,0.007843399047851562,0.00046088166601626905,entropy,10,,6,20,random,"{'criterion': 'entropy', 'max_depth': 10, 'max_features': None, 'min_samples_leaf': 6, 'min_samples_split': 20, 'splitter': 'random'}",0.5315315315315315,0.4982456140350877,0.5240384615384616,0.5304247990815155,0.5370741482965932,0.524262910896638,0.013651956849853895,89
0.05620474815368652,0.006442011465502655,0.008951807022094726,0.0025030901523346786,entropy,10,,6,40,random,"{'criterion': 'entropy', 'max_depth': 10, 'max_features': None, 'min_samples_leaf': 6, 'min_samples_split': 40, 'splitter': 'random'}",0.43596059113300495,0.5174353205849269,0.4687116564417178,0.5884816753926702,0.5378346915017462,0.5096847870108132,0.053245642072673925,90
0.02981910705566406,0.0022190556983272087,0.007203817367553711,0.00048319034145447704,entropy,5,,2,40,random,"{'criterion': 'entropy', 'max_depth': 5, 'max_features': None, 'min_samples_leaf': 2, 'min_samples_split': 40, 'splitter': 'random'}",0.45454545454545453,0.4799107142857143,0.5538160469667319,0.48089887640449436,0.5546558704453441,0.5047653925295478,0.04148357332983916,91
0.027245378494262694,0.001531759386906003,0.006752490997314453,0.00042298122266053395,gini,5,,2,40,random,"{'criterion': 'gini', 'max_depth': 5, 'max_features': None, 'min_samples_leaf': 2, 'min_samples_split': 40, 'splitter': 'random'}",0.19439868204283361,0.48423423423423423,0.5538160469667319,0.5681159420289855,0.5290068829891839,0.4659143576523938,0.13871475593206609,92
0.03172183036804199,0.003481196270992602,0.007437229156494141,0.000563830149067249,gini,5,,4,30,random,"{'criterion': 'gini', 'max_depth': 5, 'max_features': None, 'min_samples_leaf': 4, 'min_samples_split': 30, 'splitter': 'random'}",0.19439868204283361,0.5135135135135135,0.550098231827112,0.5653436592449177,0.49774774774774777,0.46422036687522494,0.13708287210869655,93
0.0278289794921875,0.002705329552691813,0.007429313659667969,0.00033540094574127974,gini,5,,4,20,random,"{'criterion': 'gini', 'max_depth': 5, 'max_features': None, 'min_samples_leaf': 4, 'min_samples_split': 20, 'splitter': 'random'}",0.19439868204283361,0.5135135135135135,0.550098231827112,0.5653436592449177,0.49774774774774777,0.46422036687522494,0.13708287210869655,93
0.028913211822509766,0.0016889194816023286,0.0073721885681152345,0.0006886091301765735,gini,5,,4,40,random,"{'criterion': 'gini', 'max_depth': 5, 'max_features': None, 'min_samples_leaf': 4, 'min_samples_split': 40, 'splitter': 'random'}",0.19439868204283361,0.48135593220338985,0.550098231827112,0.5653436592449177,0.5236220472440944,0.46296371051246954,0.13727269273811316,95
0.041057777404785153,0.002216053798050093,0.010170650482177735,0.0010697433120837251,gini,5,,2,20,random,"{'criterion': 'gini', 'max_depth': 5, 'max_features': None, 'min_samples_leaf': 2, 'min_samples_split': 20, 'splitter': 'random'}",0.19439868204283361,0.48423423423423423,0.5538160469667319,0.5681159420289855,0.49718785151856015,0.45955055135826905,0.13638459742869888,96
0.0317533016204834,0.003538936304366646,0.007114315032958984,0.000755114807073002,gini,5,,2,30,random,"{'criterion': 'gini', 'max_depth': 5, 'max_features': None, 'min_samples_leaf': 2, 'min_samples_split': 30, 'splitter': 'random'}",0.19439868204283361,0.48423423423423423,0.5538160469667319,0.5681159420289855,0.49718785151856015,0.45955055135826905,0.13638459742869888,96
0.03354721069335938,0.001492663528426234,0.007883977890014649,0.0012652405584063246,gini,5,,6,20,random,"{'criterion': 'gini', 'max_depth': 5, 'max_features': None, 'min_samples_leaf': 6, 'min_samples_split': 20, 'splitter': 'random'}",0.19141914191419143,0.5125725338491296,0.48869752421959095,0.562560620756547,0.5094549499443827,0.4529409541367683,0.13299505171489256,98
0.030436944961547852,0.00282900487387895,0.008289957046508789,0.0007904393468834416,gini,5,,6,30,random,"{'criterion': 'gini', 'max_depth': 5, 'max_features': None, 'min_samples_leaf': 6, 'min_samples_split': 30, 'splitter': 'random'}",0.19141914191419143,0.5125725338491296,0.48869752421959095,0.562560620756547,0.4835164835164835,0.44775326085118844,0.13118299384433582,99
0.029239511489868163,0.000988607916328566,0.0074137687683105465,0.00036628262990306986,gini,5,,6,40,random,"{'criterion': 'gini', 'max_depth': 5, 'max_features': None, 'min_samples_leaf': 6, 'min_samples_split': 40, 'splitter': 'random'}",0.19141914191419143,0.48135593220338985,0.48869752421959095,0.562560620756547,0.5057232049947971,0.4459512848177033,0.13041300662151536,100
0.028447341918945313,0.0023834585196384982,0.007059240341186523,0.0006350816085781171,entropy,5,,4,40,random,"{'criterion': 'entropy', 'max_depth': 5, 'max_features': None, 'min_samples_leaf': 4, 'min_samples_split': 40, 'splitter': 'random'}",0.45454545454545453,0.4782122905027933,0.550098231827112,0.1269296740994854,0.5546558704453441,0.43288830428403796,0.15792370724632324,101
0.031947898864746097,0.002043849236548327,0.007340717315673828,0.00021738913477930468,entropy,5,,2,20,random,"{'criterion': 'entropy', 'max_depth': 5, 'max_features': None, 'min_samples_leaf': 2, 'min_samples_split': 20, 'splitter': 'random'}",0.14453781512605043,0.254601226993865,0.5538160469667319,0.48089887640449436,0.5270403146509341,0.3921788560284152,0.1627508068684946,102
0.025225448608398437,0.002586742163650608,0.006823348999023438,0.0007358976186727718,entropy,5,,2,30,random,"{'criterion': 'entropy', 'max_depth': 5, 'max_features': None, 'min_samples_leaf': 2, 'min_samples_split': 30, 'splitter': 'random'}",0.14453781512605043,0.254601226993865,0.5538160469667319,0.48089887640449436,0.5270403146509341,0.3921788560284152,0.1627508068684946,102
0.032532119750976564,0.005360805179886011,0.007746458053588867,0.0005991201873409469,entropy,5,,6,40,random,"{'criterion': 'entropy', 'max_depth': 5, 'max_features': None, 'min_samples_leaf': 6, 'min_samples_split': 40, 'splitter': 'random'}",0.45454545454545453,0.4782122905027933,0.25416036308623297,0.12048192771084337,0.5280788177339901,0.36709577071586286,0.15458503385313244,104
0.02747058868408203,0.0026943662463845604,0.006573009490966797,0.0006162470353499216,entropy,5,,4,20,random,"{'criterion': 'entropy', 'max_depth': 5, 'max_features': None, 'min_samples_leaf': 4, 'min_samples_split': 20, 'splitter': 'random'}",0.14453781512605043,0.254601226993865,0.550098231827112,0.2625,0.5270403146509341,0.34775551771959234,0.16144923176822876,105
0.032488536834716794,0.002399756604793565,0.007698488235473633,0.0011987842958619,entropy,5,,4,30,random,"{'criterion': 'entropy', 'max_depth': 5, 'max_features': None, 'min_samples_leaf': 4, 'min_samples_split': 30, 'splitter': 'random'}",0.14453781512605043,0.254601226993865,0.550098231827112,0.1269296740994854,0.5270403146509341,0.32064145253948945,0.1833842738343166,106
0.028799676895141603,0.0021105149432759985,0.00709385871887207,0.0005892359439034915,entropy,5,,6,20,random,"{'criterion': 'entropy', 'max_depth': 5, 'max_features': None, 'min_samples_leaf': 6, 'min_samples_split': 20, 'splitter': 'random'}",0.14453781512605043,0.254601226993865,0.25416036308623297,0.25705329153605017,0.4983164983164983,0.2817338390117394,0.11647866921869476,107
0.029994821548461913,0.002077489938090428,0.0075547218322753905,0.0006071165414255144,entropy,5,,6,30,random,"{'criterion': 'entropy', 'max_depth': 5, 'max_features': None, 'min_samples_leaf': 6, 'min_samples_split': 30, 'splitter': 'random'}",0.14453781512605043,0.254601226993865,0.25416036308623297,0.12048192771084337,0.47902869757174393,0.25056200609774715,0.1267976722624548,108
