mean_fit_time,std_fit_time,mean_score_time,std_score_time,param_max_depth,param_max_features,param_min_samples_leaf,param_min_samples_split,param_n_estimators,params,split0_test_score,split1_test_score,split2_test_score,split3_test_score,split4_test_score,mean_test_score,std_test_score,rank_test_score
65.36960520744324,2.3354017965140974,0.11057729721069336,0.02639925635126426,10,,2,2,50,"{'max_depth': 10, 'max_features': None, 'min_samples_leaf': 2, 'min_samples_split': 2, 'n_estimators': 50}",0.6462745098039215,0.6541916167664671,0.6337209302325582,0.6525998492840994,0.6229508196721312,0.6419475451518355,0.01192194839874926,1
63.08905005455017,4.780648511735401,0.1331955909729004,0.04566524209754292,10,,2,3,50,"{'max_depth': 10, 'max_features': None, 'min_samples_leaf': 2, 'min_samples_split': 3, 'n_estimators': 50}",0.6462745098039215,0.6541916167664671,0.6337209302325582,0.6525998492840994,0.6229508196721312,0.6419475451518355,0.01192194839874926,1
57.66000399589539,2.3283581817738104,0.11009712219238281,0.011582016454855642,10,,2,4,50,"{'max_depth': 10, 'max_features': None, 'min_samples_leaf': 2, 'min_samples_split': 4, 'n_estimators': 50}",0.6462745098039215,0.6541916167664671,0.6337209302325582,0.6525998492840994,0.6229508196721312,0.6419475451518355,0.01192194839874926,1
39.3511962890625,0.4086480093703222,0.06178097724914551,0.008652257017018085,10,,1,2,50,"{'max_depth': 10, 'max_features': None, 'min_samples_leaf': 1, 'min_samples_split': 2, 'n_estimators': 50}",0.651017214397496,0.6522388059701493,0.6320409656181419,0.6515837104072398,0.6220238095238095,0.6417809011833674,0.012457779406117577,4
118.64466104507446,1.0087400033898668,0.2265246868133545,0.03992632716349145,10,,1,2,100,"{'max_depth': 10, 'max_features': None, 'min_samples_leaf': 1, 'min_samples_split': 2, 'n_estimators': 100}",0.6541176470588236,0.6537023186237846,0.635036496350365,0.6419379258137774,0.6191176470588236,0.6407824069811149,0.013026628727527655,5
125.98912959098816,0.8882524809164529,0.1606842041015625,0.01780914970377345,10,,1,4,100,"{'max_depth': 10, 'max_features': None, 'min_samples_leaf': 1, 'min_samples_split': 4, 'n_estimators': 100}",0.6530612244897959,0.6567164179104478,0.6344322344322344,0.6394557823129252,0.6196769456681351,0.6406685209627077,0.013357562166998413,6
122.62781147956848,0.5292295035918846,0.16914920806884765,0.03978283008404963,10,,3,2,100,"{'max_depth': 10, 'max_features': None, 'min_samples_leaf': 3, 'min_samples_split': 2, 'n_estimators': 100}",0.652615144418423,0.6532438478747203,0.6317321688500728,0.6439393939393939,0.6217008797653959,0.6406462869696011,0.01225713342413275,7
126.44113683700562,0.7678482291093622,0.19250082969665527,0.014852404064255736,10,,3,3,100,"{'max_depth': 10, 'max_features': None, 'min_samples_leaf': 3, 'min_samples_split': 3, 'n_estimators': 100}",0.652615144418423,0.6532438478747203,0.6317321688500728,0.6439393939393939,0.6217008797653959,0.6406462869696011,0.01225713342413275,7
102.78230452537537,2.38319417705688,0.08582873344421386,0.005675758116782713,10,,3,4,100,"{'max_depth': 10, 'max_features': None, 'min_samples_leaf': 3, 'min_samples_split': 4, 'n_estimators': 100}",0.652615144418423,0.6532438478747203,0.6317321688500728,0.6439393939393939,0.6217008797653959,0.6406462869696011,0.01225713342413275,7
65.12648148536682,5.9961826445735396,0.11793065071105957,0.024477071287034493,10,,1,4,50,"{'max_depth': 10, 'max_features': None, 'min_samples_leaf': 1, 'min_samples_split': 4, 'n_estimators': 50}",0.6467348544453186,0.6546816479400749,0.63003663003663,0.6501128668171557,0.6215613382899629,0.6406254675058285,0.01265287370187026,10
143.9334025859833,0.7277079754948342,0.18833718299865723,0.028057098466713032,10,,2,4,100,"{'max_depth': 10, 'max_features': None, 'min_samples_leaf': 2, 'min_samples_split': 4, 'n_estimators': 100}",0.65,0.6581517655897822,0.6331145149525893,0.6404239212717638,0.6186627479794269,0.6400705899587125,0.01365525259149216,11
115.80665984153748,0.7217320001230944,0.16794872283935547,0.02265036003184515,10,,2,3,100,"{'max_depth': 10, 'max_features': None, 'min_samples_leaf': 2, 'min_samples_split': 3, 'n_estimators': 100}",0.65,0.6581517655897822,0.6331145149525893,0.6404239212717638,0.6186627479794269,0.6400705899587125,0.01365525259149216,11
123.0595887184143,0.21758479544739995,0.17220001220703124,0.02161284814486928,10,,2,2,100,"{'max_depth': 10, 'max_features': None, 'min_samples_leaf': 2, 'min_samples_split': 2, 'n_estimators': 100}",0.65,0.6581517655897822,0.6331145149525893,0.6404239212717638,0.6186627479794269,0.6400705899587125,0.01365525259149216,11
115.27268776893615,3.0994650487189377,0.13694181442260742,0.03222662700940466,10,,1,3,80,"{'max_depth': 10, 'max_features': None, 'min_samples_leaf': 1, 'min_samples_split': 3, 'n_estimators': 80}",0.6520719311962471,0.6531835205992509,0.6353631694790902,0.641566265060241,0.6181015452538632,0.6400572863177385,0.012829778122586295,14
134.36681938171387,0.726113353099749,0.1544504165649414,0.013835406264764875,10,,1,3,100,"{'max_depth': 10, 'max_features': None, 'min_samples_leaf': 1, 'min_samples_split': 3, 'n_estimators': 100}",0.6520376175548589,0.6547085201793722,0.6340394448502557,0.6393939393939394,0.6195732155997057,0.6399505475156263,0.012762300910184356,15
98.61148362159729,3.3399077699692885,0.1613839626312256,0.038456052296730665,10,,1,4,80,"{'max_depth': 10, 'max_features': None, 'min_samples_leaf': 1, 'min_samples_split': 4, 'n_estimators': 80}",0.6525821596244131,0.6541353383458647,0.631578947368421,0.640542577241899,0.6201322556943424,0.639794255654988,0.012836219525787201,16
105.18244080543518,3.141563544304922,0.15184760093688965,0.015990003902865663,10,,3,2,80,"{'max_depth': 10, 'max_features': None, 'min_samples_leaf': 3, 'min_samples_split': 2, 'n_estimators': 80}",0.6479313036690086,0.6512322628827483,0.6317321688500728,0.6421052631578947,0.6231671554252199,0.6392336307969888,0.010414091606539411,17
98.64929246902466,0.2599930724285298,0.162736177444458,0.021317622199075525,10,,3,3,80,"{'max_depth': 10, 'max_features': None, 'min_samples_leaf': 3, 'min_samples_split': 3, 'n_estimators': 80}",0.6479313036690086,0.6512322628827483,0.6317321688500728,0.6421052631578947,0.6231671554252199,0.6392336307969888,0.010414091606539411,17
97.41511039733886,4.154667537197626,0.10310592651367187,0.013332856705132946,10,,3,4,80,"{'max_depth': 10, 'max_features': None, 'min_samples_leaf': 3, 'min_samples_split': 4, 'n_estimators': 80}",0.6479313036690086,0.6512322628827483,0.6317321688500728,0.6421052631578947,0.6231671554252199,0.6392336307969888,0.010414091606539411,17
61.02641563415527,0.8049564677132789,0.0958038330078125,0.003923327983260847,10,,3,3,50,"{'max_depth': 10, 'max_features': None, 'min_samples_leaf': 3, 'min_samples_split': 3, 'n_estimators': 50}",0.6457187745483111,0.6508172362555721,0.6313497822931785,0.6491359879789632,0.6189069423929099,0.639185744693787,0.01224427658923126,20
70.32227416038513,2.242412508456441,0.11000280380249024,0.030008344843468794,10,,3,2,50,"{'max_depth': 10, 'max_features': None, 'min_samples_leaf': 3, 'min_samples_split': 2, 'n_estimators': 50}",0.6457187745483111,0.6508172362555721,0.6313497822931785,0.6491359879789632,0.6189069423929099,0.639185744693787,0.01224427658923126,20
62.342226076126096,0.4418669857837811,0.11372842788696289,0.014038906344413576,10,,3,4,50,"{'max_depth': 10, 'max_features': None, 'min_samples_leaf': 3, 'min_samples_split': 4, 'n_estimators': 50}",0.6457187745483111,0.6508172362555721,0.6313497822931785,0.6491359879789632,0.6189069423929099,0.639185744693787,0.01224427658923126,20
62.717391109466554,7.8983996942656685,0.13146061897277833,0.033801423918483994,10,,1,3,50,"{'max_depth': 10, 'max_features': None, 'min_samples_leaf': 1, 'min_samples_split': 3, 'n_estimators': 50}",0.6489444878811571,0.6522064323111444,0.631578947368421,0.6446280991735537,0.6183719193427931,0.6391459772154139,0.012533645766004981,23
77.28719878196716,6.04050042464028,0.18412318229675292,0.03787688158105094,10,,1,2,80,"{'max_depth': 10, 'max_features': None, 'min_samples_leaf': 1, 'min_samples_split': 2, 'n_estimators': 80}",0.652615144418423,0.6521739130434783,0.631578947368421,0.6411411411411412,0.6176470588235294,0.6390312409589985,0.013225156837306788,24
111.03989152908325,0.7251087979228371,0.16244382858276368,0.05362700774716587,10,,2,4,80,"{'max_depth': 10, 'max_features': None, 'min_samples_leaf': 2, 'min_samples_split': 4, 'n_estimators': 80}",0.6484801247077163,0.653122648607976,0.6316557257476295,0.6400602409638554,0.6186627479794269,0.6383962976013208,0.012297690679075796,25
93.67622399330139,1.8861834126242432,0.11591215133666992,0.014616876225795663,10,,2,2,80,"{'max_depth': 10, 'max_features': None, 'min_samples_leaf': 2, 'min_samples_split': 2, 'n_estimators': 80}",0.6484801247077163,0.653122648607976,0.6316557257476295,0.6400602409638554,0.6186627479794269,0.6383962976013208,0.012297690679075796,25
97.41995525360107,3.069706170917311,0.13998856544494628,0.012346777789209947,10,,2,3,80,"{'max_depth': 10, 'max_features': None, 'min_samples_leaf': 2, 'min_samples_split': 3, 'n_estimators': 80}",0.6484801247077163,0.653122648607976,0.6316557257476295,0.6400602409638554,0.6186627479794269,0.6383962976013208,0.012297690679075796,25
26.9607084274292,0.7057256451665851,0.04090638160705566,0.006857507882287147,8,,3,4,50,"{'max_depth': 8, 'max_features': None, 'min_samples_leaf': 3, 'min_samples_split': 4, 'n_estimators': 50}",0.6547884187082406,0.6422535211267606,0.6316526610644257,0.6346704871060171,0.6161335187760779,0.6358997213563043,0.01270751715783672,28
33.36223864555359,3.3813815417831226,0.05285382270812988,0.007983617342866792,8,,3,3,50,"{'max_depth': 8, 'max_features': None, 'min_samples_leaf': 3, 'min_samples_split': 3, 'n_estimators': 50}",0.6547884187082406,0.6422535211267606,0.6316526610644257,0.6346704871060171,0.6161335187760779,0.6358997213563043,0.01270751715783672,28
20.099959707260133,1.1503813941914702,0.05253281593322754,0.022464308596577102,8,,3,2,50,"{'max_depth': 8, 'max_features': None, 'min_samples_leaf': 3, 'min_samples_split': 2, 'n_estimators': 50}",0.6547884187082406,0.6422535211267606,0.6316526610644257,0.6346704871060171,0.6161335187760779,0.6358997213563043,0.01270751715783672,28
21.135031032562257,0.4420445959750779,0.03763346672058106,0.007627578437840696,8,,1,3,50,"{'max_depth': 8, 'max_features': None, 'min_samples_leaf': 1, 'min_samples_split': 3, 'n_estimators': 50}",0.6508524833209784,0.6450247000705717,0.6339410939691444,0.6309778729478943,0.6150627615062761,0.635171782362973,0.012380957635068164,31
19.641322374343872,0.29354845004778446,0.031174659729003906,0.0048560919741671826,8,,2,3,50,"{'max_depth': 8, 'max_features': None, 'min_samples_leaf': 2, 'min_samples_split': 3, 'n_estimators': 50}",0.6518518518518519,0.6426043878273178,0.6330532212885154,0.630901287553648,0.6154919748778785,0.6347805446798424,0.01218788953930899,32
21.37558259963989,1.4579818042877681,0.038853788375854494,0.006146348412967726,8,,2,2,50,"{'max_depth': 8, 'max_features': None, 'min_samples_leaf': 2, 'min_samples_split': 2, 'n_estimators': 50}",0.6518518518518519,0.6426043878273178,0.6330532212885154,0.630901287553648,0.6154919748778785,0.6347805446798424,0.01218788953930899,32
18.63829321861267,0.14998767995176174,0.03137083053588867,0.004013940248426346,8,,2,4,50,"{'max_depth': 8, 'max_features': None, 'min_samples_leaf': 2, 'min_samples_split': 4, 'n_estimators': 50}",0.6518518518518519,0.6426043878273178,0.6330532212885154,0.630901287553648,0.6154919748778785,0.6347805446798424,0.01218788953930899,32
46.22899112701416,1.1976946000083353,0.10532865524291993,0.025153783015180783,8,,1,3,100,"{'max_depth': 8, 'max_features': None, 'min_samples_leaf': 1, 'min_samples_split': 3, 'n_estimators': 100}",0.6533333333333333,0.6410803127221038,0.6287719298245614,0.6368231046931407,0.6135569531795947,0.6347131267505468,0.013225631617263969,35
21.208159732818604,0.08429321763669423,0.03205232620239258,0.0032375456552840628,8,,1,2,50,"{'max_depth': 8, 'max_features': None, 'min_samples_leaf': 1, 'min_samples_split': 2, 'n_estimators': 50}",0.6498516320474778,0.6445698166431594,0.6325385694249649,0.6314285714285715,0.6149545772187281,0.6346686333525803,0.012101537611218783,36
23.373746490478517,2.1769725253877787,0.047426605224609376,0.01216159935987456,8,,1,4,50,"{'max_depth': 8, 'max_features': None, 'min_samples_leaf': 1, 'min_samples_split': 4, 'n_estimators': 50}",0.6508524833209784,0.6431593794076164,0.6324666198172875,0.630901287553648,0.6154919748778785,0.6345743489954818,0.012006259275098633,37
41.726284694671634,0.06372168002554296,0.052868080139160153,0.004966415141851883,8,,1,2,100,"{'max_depth': 8, 'max_features': None, 'min_samples_leaf': 1, 'min_samples_split': 2, 'n_estimators': 100}",0.6533333333333333,0.6411347517730497,0.6278089887640449,0.634393063583815,0.6159217877094972,0.634518385032748,0.012559010503658765,38
45.33467950820923,0.18336906110972723,0.05319690704345703,0.003988082361349536,8,,1,4,100,"{'max_depth': 8, 'max_features': None, 'min_samples_leaf': 1, 'min_samples_split': 4, 'n_estimators': 100}",0.6528497409326425,0.6415362731152204,0.6282501756851722,0.6363636363636364,0.6135569531795947,0.6345113558552533,0.013170923592926929,39
33.296213436126706,0.14356486427191348,0.04868960380554199,0.0036896792751892585,8,,1,2,80,"{'max_depth': 8, 'max_features': None, 'min_samples_leaf': 1, 'min_samples_split': 2, 'n_estimators': 80}",0.6533628972653363,0.6406803685329554,0.6296556570625439,0.6333095067905646,0.6149545772187281,0.6343926013740256,0.012655881323697077,40
32.80477662086487,0.502598831590594,0.050920629501342775,0.007994261428303905,8,,1,3,80,"{'max_depth': 8, 'max_features': None, 'min_samples_leaf': 1, 'min_samples_split': 3, 'n_estimators': 80}",0.6528803545051699,0.6401703335699077,0.6301754385964913,0.6347390993566834,0.6131284916201117,0.6342187435296729,0.013000730431679253,41
38.81612238883972,0.1890434193001369,0.049440431594848636,0.004058522812388754,8,,2,2,100,"{'max_depth': 8, 'max_features': None, 'min_samples_leaf': 2, 'min_samples_split': 2, 'n_estimators': 100}",0.6533628972653363,0.640625,0.6288515406162465,0.6363636363636364,0.6116165150454863,0.6341639178581411,0.01379704229015395,42
42.64560027122498,1.0806431810997468,0.09776782989501953,0.016000832289336648,8,,2,4,100,"{'max_depth': 8, 'max_features': None, 'min_samples_leaf': 2, 'min_samples_split': 4, 'n_estimators': 100}",0.6533628972653363,0.640625,0.6288515406162465,0.6363636363636364,0.6116165150454863,0.6341639178581411,0.01379704229015395,42
37.50910134315491,0.2089784961288121,0.06012039184570313,0.01026045548105512,8,,2,3,100,"{'max_depth': 8, 'max_features': None, 'min_samples_leaf': 2, 'min_samples_split': 3, 'n_estimators': 100}",0.6533628972653363,0.640625,0.6288515406162465,0.6363636363636364,0.6116165150454863,0.6341639178581411,0.01379704229015395,42
30.960280179977417,0.1197082328020961,0.042289447784423825,0.0033383364453347373,8,,2,4,80,"{'max_depth': 8, 'max_features': None, 'min_samples_leaf': 2, 'min_samples_split': 4, 'n_estimators': 80}",0.6533923303834809,0.6406803685329554,0.6302521008403361,0.632258064516129,0.6136680613668062,0.6340501851279414,0.01304719145738102,45
29.88527956008911,0.1509300789478876,0.04254403114318848,0.0016874827818208918,8,,2,3,80,"{'max_depth': 8, 'max_features': None, 'min_samples_leaf': 2, 'min_samples_split': 3, 'n_estimators': 80}",0.6533923303834809,0.6406803685329554,0.6302521008403361,0.632258064516129,0.6136680613668062,0.6340501851279414,0.01304719145738102,45
31.80024652481079,0.17326521134032594,0.048997688293457034,0.014667998653813505,8,,2,2,80,"{'max_depth': 8, 'max_features': None, 'min_samples_leaf': 2, 'min_samples_split': 2, 'n_estimators': 80}",0.6533923303834809,0.6406803685329554,0.6302521008403361,0.632258064516129,0.6136680613668062,0.6340501851279414,0.01304719145738102,45
53.15425972938537,0.09702318207964493,0.07114143371582031,0.004536428830548623,8,,3,3,100,"{'max_depth': 8, 'max_features': None, 'min_samples_leaf': 3, 'min_samples_split': 3, 'n_estimators': 100}",0.6493699036323203,0.6392629340892984,0.6284114765570329,0.6397111913357401,0.6131284916201117,0.6339767994469006,0.012356365844086694,48
64.18102130889892,0.4815138509707539,0.10077433586120606,0.024729529379406655,8,,3,4,100,"{'max_depth': 8, 'max_features': None, 'min_samples_leaf': 3, 'min_samples_split': 4, 'n_estimators': 100}",0.6493699036323203,0.6392629340892984,0.6284114765570329,0.6397111913357401,0.6131284916201117,0.6339767994469006,0.012356365844086694,48
65.11797018051148,0.6181845009248675,0.0878997802734375,0.00565245082648388,8,,3,2,100,"{'max_depth': 8, 'max_features': None, 'min_samples_leaf': 3, 'min_samples_split': 2, 'n_estimators': 100}",0.6493699036323203,0.6392629340892984,0.6284114765570329,0.6397111913357401,0.6131284916201117,0.6339767994469006,0.012356365844086694,48
49.575033044815065,2.906372968019384,0.0677718162536621,0.0127701697221871,8,,3,3,80,"{'max_depth': 8, 'max_features': None, 'min_samples_leaf': 3, 'min_samples_split': 3, 'n_estimators': 80}",0.6498889711324944,0.6392629340892984,0.6301754385964913,0.6347390993566834,0.6155988857938719,0.6339330657937678,0.011259751504833031,51
46.78613405227661,2.023285897965424,0.11327042579650878,0.03741167825964243,8,,3,4,80,"{'max_depth': 8, 'max_features': None, 'min_samples_leaf': 3, 'min_samples_split': 4, 'n_estimators': 80}",0.6498889711324944,0.6392629340892984,0.6301754385964913,0.6347390993566834,0.6155988857938719,0.6339330657937678,0.011259751504833031,51
44.14819631576538,2.6589440843562318,0.09543585777282715,0.01582442442841996,8,,3,2,80,"{'max_depth': 8, 'max_features': None, 'min_samples_leaf': 3, 'min_samples_split': 2, 'n_estimators': 80}",0.6498889711324944,0.6392629340892984,0.6301754385964913,0.6347390993566834,0.6155988857938719,0.6339330657937678,0.011259751504833031,51
41.14722156524658,1.1530450819581302,0.04998559951782226,0.00508518701402308,8,,1,4,80,"{'max_depth': 8, 'max_features': None, 'min_samples_leaf': 1, 'min_samples_split': 4, 'n_estimators': 80}",0.6524300441826215,0.6392629340892984,0.6292134831460674,0.6323319027181689,0.6136680613668062,0.6333812851005926,0.012684888520491837,54
9.063710594177246,0.015790738681639705,0.02035799026489258,0.0009165742173773041,5,,1,2,50,"{'max_depth': 5, 'max_features': None, 'min_samples_leaf': 1, 'min_samples_split': 2, 'n_estimators': 50}",0.61049902786779,0.6167741935483871,0.5979513444302177,0.6130653266331658,0.6,0.6076579784959122,0.007392966005914448,55
10.144110870361327,0.33902773205501296,0.02380051612854004,0.0036792144076937426,5,,1,3,50,"{'max_depth': 5, 'max_features': None, 'min_samples_leaf': 1, 'min_samples_split': 3, 'n_estimators': 50}",0.61049902786779,0.6167741935483871,0.5979513444302177,0.6130653266331658,0.6,0.6076579784959122,0.007392966005914448,55
9.916313648223877,0.48031162709712255,0.024640226364135744,0.0018153021558390764,5,,1,4,50,"{'max_depth': 5, 'max_features': None, 'min_samples_leaf': 1, 'min_samples_split': 4, 'n_estimators': 50}",0.61049902786779,0.6167741935483871,0.5979513444302177,0.6130653266331658,0.6,0.6076579784959122,0.007392966005914448,55
10.17601556777954,0.07162763440388303,0.021255016326904297,0.0015604574867731165,5,,2,4,50,"{'max_depth': 5, 'max_features': None, 'min_samples_leaf': 2, 'min_samples_split': 4, 'n_estimators': 50}",0.6099935107073329,0.6163765312701482,0.5971867007672634,0.6130653266331658,0.5996204933586338,0.6072485125473088,0.0075381403522662245,58
10.51675124168396,0.058881814444314916,0.021402931213378905,0.0009191535448797905,5,,2,3,50,"{'max_depth': 5, 'max_features': None, 'min_samples_leaf': 2, 'min_samples_split': 3, 'n_estimators': 50}",0.6099935107073329,0.6163765312701482,0.5971867007672634,0.6130653266331658,0.5996204933586338,0.6072485125473088,0.0075381403522662245,58
10.398806381225587,0.09763655456632063,0.023583221435546874,0.003911619241983135,5,,2,2,50,"{'max_depth': 5, 'max_features': None, 'min_samples_leaf': 2, 'min_samples_split': 2, 'n_estimators': 50}",0.6099935107073329,0.6163765312701482,0.5971867007672634,0.6130653266331658,0.5996204933586338,0.6072485125473088,0.0075381403522662245,58
11.977348613739014,0.978735614762764,0.031773042678833005,0.01047793213405899,5,,3,4,50,"{'max_depth': 5, 'max_features': None, 'min_samples_leaf': 3, 'min_samples_split': 4, 'n_estimators': 50}",0.6103896103896104,0.6163765312701482,0.5962891874600128,0.6122961104140527,0.6005056890012642,0.6071714257070177,0.007539339885177949,61
10.7277512550354,0.04135702558094166,0.0258913516998291,0.0061868991653825514,5,,3,3,50,"{'max_depth': 5, 'max_features': None, 'min_samples_leaf': 3, 'min_samples_split': 3, 'n_estimators': 50}",0.6103896103896104,0.6163765312701482,0.5962891874600128,0.6122961104140527,0.6005056890012642,0.6071714257070177,0.007539339885177949,61
10.791231727600097,0.22485508758520734,0.02855510711669922,0.007559331198014354,5,,3,2,50,"{'max_depth': 5, 'max_features': None, 'min_samples_leaf': 3, 'min_samples_split': 2, 'n_estimators': 50}",0.6103896103896104,0.6163765312701482,0.5962891874600128,0.6122961104140527,0.6005056890012642,0.6071714257070177,0.007539339885177949,61
20.08177423477173,0.06145139582485759,0.03476791381835938,0.0012474464288193081,5,,2,3,100,"{'max_depth': 5, 'max_features': None, 'min_samples_leaf': 2, 'min_samples_split': 3, 'n_estimators': 100}",0.6095979247730221,0.6177806619078521,0.5966709346991037,0.6147077309868008,0.5965801139962001,0.6070674732725958,0.008917643773692393,64
20.739367246627808,0.036520635169117355,0.03595490455627441,0.003666755510532528,5,,2,2,100,"{'max_depth': 5, 'max_features': None, 'min_samples_leaf': 2, 'min_samples_split': 2, 'n_estimators': 100}",0.6095979247730221,0.6177806619078521,0.5966709346991037,0.6147077309868008,0.5965801139962001,0.6070674732725958,0.008917643773692393,64
21.387405824661254,0.05507305234855248,0.04537835121154785,0.005034300046776195,5,,2,4,100,"{'max_depth': 5, 'max_features': None, 'min_samples_leaf': 2, 'min_samples_split': 4, 'n_estimators': 100}",0.6095979247730221,0.6177806619078521,0.5966709346991037,0.6147077309868008,0.5965801139962001,0.6070674732725958,0.008917643773692393,64
19.814770698547363,0.20409840010881722,0.03496260643005371,0.0014981420469343304,5,,1,2,100,"{'max_depth': 5, 'max_features': None, 'min_samples_leaf': 1, 'min_samples_split': 2, 'n_estimators': 100}",0.6083009079118028,0.6177806619078521,0.5974358974358974,0.6147077309868008,0.5956907477820025,0.6067831892048712,0.008904609576099625,67
19.892989015579225,0.4865798559753565,0.04619698524475098,0.013189509730144136,5,,1,3,100,"{'max_depth': 5, 'max_features': None, 'min_samples_leaf': 1, 'min_samples_split': 3, 'n_estimators': 100}",0.6083009079118028,0.6177806619078521,0.5974358974358974,0.6147077309868008,0.5956907477820025,0.6067831892048712,0.008904609576099625,67
20.949341821670533,0.20731923919780332,0.03663301467895508,0.0032235223743751007,5,,1,4,100,"{'max_depth': 5, 'max_features': None, 'min_samples_leaf': 1, 'min_samples_split': 4, 'n_estimators': 100}",0.6083009079118028,0.6177806619078521,0.5974358974358974,0.6147077309868008,0.5956907477820025,0.6067831892048712,0.008904609576099625,67
27.11604595184326,0.21129428919001675,0.04804606437683105,0.007752122717352711,5,,3,4,100,"{'max_depth': 5, 'max_features': None, 'min_samples_leaf': 3, 'min_samples_split': 4, 'n_estimators': 100}",0.6086956521739131,0.6177806619078521,0.5957719410634209,0.614321608040201,0.5965801139962001,0.6066299954363175,0.009018455152523547,70
23.873143911361694,0.33037678215015964,0.043361473083496097,0.005726230262419282,5,,3,3,100,"{'max_depth': 5, 'max_features': None, 'min_samples_leaf': 3, 'min_samples_split': 3, 'n_estimators': 100}",0.6086956521739131,0.6177806619078521,0.5957719410634209,0.614321608040201,0.5965801139962001,0.6066299954363175,0.009018455152523547,70
21.132049751281738,0.03246080777955421,0.03568840026855469,0.002566953585659679,5,,3,2,100,"{'max_depth': 5, 'max_features': None, 'min_samples_leaf': 3, 'min_samples_split': 2, 'n_estimators': 100}",0.6086956521739131,0.6177806619078521,0.5957719410634209,0.614321608040201,0.5965801139962001,0.6066299954363175,0.009018455152523547,70
17.012481451034546,0.06088948583309201,0.03556513786315918,0.010793005011499919,5,,1,4,80,"{'max_depth': 5, 'max_features': None, 'min_samples_leaf': 1, 'min_samples_split': 4, 'n_estimators': 80}",0.6073977936404932,0.6173800259403373,0.598334401024984,0.6134506599622879,0.5960684844641725,0.606526273006455,0.008282303344303741,73
15.320640993118285,0.22082716205666916,0.02980637550354004,0.0013429321508866038,5,,1,3,80,"{'max_depth': 5, 'max_features': None, 'min_samples_leaf': 1, 'min_samples_split': 3, 'n_estimators': 80}",0.6073977936404932,0.6173800259403373,0.598334401024984,0.6134506599622879,0.5956907477820025,0.6064507256700209,0.008378513855449125,74
15.412609672546386,0.02175258199576829,0.03140425682067871,0.0035466847863381548,5,,1,2,80,"{'max_depth': 5, 'max_features': None, 'min_samples_leaf': 1, 'min_samples_split': 2, 'n_estimators': 80}",0.6073977936404932,0.6173800259403373,0.598334401024984,0.6134506599622879,0.5956907477820025,0.6064507256700209,0.008378513855449125,74
16.76695647239685,0.066786099214917,0.03357224464416504,0.0033191328388802086,5,,2,2,80,"{'max_depth': 5, 'max_features': None, 'min_samples_leaf': 2, 'min_samples_split': 2, 'n_estimators': 80}",0.6077922077922078,0.6169799092676604,0.5975687779910429,0.6134506599622879,0.5960684844641725,0.6063720078954743,0.008346392109185561,76
16.170964384078978,0.05127409226653122,0.033812856674194335,0.0024280483415447065,5,,2,3,80,"{'max_depth': 5, 'max_features': None, 'min_samples_leaf': 2, 'min_samples_split': 3, 'n_estimators': 80}",0.6077922077922078,0.6169799092676604,0.5975687779910429,0.6134506599622879,0.5960684844641725,0.6063720078954743,0.008346392109185561,76
16.445113849639892,0.10658467967345497,0.030772924423217773,0.0019931178733717113,5,,2,4,80,"{'max_depth': 5, 'max_features': None, 'min_samples_leaf': 2, 'min_samples_split': 4, 'n_estimators': 80}",0.6077922077922078,0.6169799092676604,0.5975687779910429,0.6134506599622879,0.5960684844641725,0.6063720078954743,0.008346392109185561,76
21.123994731903075,0.3274511421111118,0.040599822998046875,0.0037226736186681438,5,,3,4,80,"{'max_depth': 5, 'max_features': None, 'min_samples_leaf': 3, 'min_samples_split': 4, 'n_estimators': 80}",0.6068875893437297,0.6169799092676604,0.5966709346991037,0.6134506599622879,0.596958174904943,0.606189453635545,0.008312221764133607,79
17.421688890457155,0.20997518793118145,0.03464875221252441,0.005998725000422655,5,,3,2,80,"{'max_depth': 5, 'max_features': None, 'min_samples_leaf': 3, 'min_samples_split': 2, 'n_estimators': 80}",0.6068875893437297,0.6169799092676604,0.5966709346991037,0.6134506599622879,0.596958174904943,0.606189453635545,0.008312221764133607,79
16.851098251342773,0.20810821331287013,0.03323655128479004,0.0036674615230351953,5,,3,3,80,"{'max_depth': 5, 'max_features': None, 'min_samples_leaf': 3, 'min_samples_split': 3, 'n_estimators': 80}",0.6068875893437297,0.6169799092676604,0.5966709346991037,0.6134506599622879,0.596958174904943,0.606189453635545,0.008312221764133607,79
